CommonName,Long_1,Fire_K,Seed_2,Snow_K,WL__6,Poll_Abiotic,Disp_Wind,Disp_Invert_ext_,Glycophyte
sp0001,0,0,1,0,0,0,1,0,0
sp0002,0,1,0,0,0,1,0,1,1
sp0003,0,0,0,0,1,0,0,1,0
sp0004,0,0,0,0,0,0,0,0,0
sp0005,0,0,0,0,0,0,1,0,0
sp0006,0,0,0,0,0,0,1,0,0
sp0007,0,0,1,0,1,0,0,1,1
sp0008,0,0,1,0,0,0,1,0,0
sp0009,0,0,0,0,0,0,1,0,0
sp0010,0,0,1,0,0,0,1,0,0
sp0011,0,0,0,0,0,0,0,1,1
sp0012,0,0,0,0,1,0,0,0,1
sp0013,0,0,1,0,1,0,0,1,1
sp0014,0,0,1,0,0,0,1,0,0
sp0015,0,0,0,0,0,0,0,1,1
sp0016,0,1,0,0,1,0,0,1,1
sp0017,0,1,1,0,0,0,1,0,1
sp0018,0,0,0,0,1,0,0,1,1
sp0019,0,1,0,0,1,1,0,0,1
sp0020,0,0,0,0,0,1,0,0,0
sp0021,0,0,0,0,0,0,0,1,0
sp0022,0,0,1,0,0,0,1,0,1
sp0023,0,0,0,0,0,1,0,0,0
sp0024,0,1,0,0,1,0,0,1,0
sp0025,0,1,0,0,0,0,0,1,0
sp0026,1,1,0,0,0,0,0,1,0
sp0027,1,1,0,0,0,0,0,0,0
sp0028,1,1,0,1,0,0,1,0,0
sp0029,1,1,0,0,1,0,0,1,0
sp0030,1,1,0,0,0,0,1,0,0
sp0031,1,1,1,1,0,0,1,0,0
sp0032,0,1,0,0,0,0,1,0,0
sp0033,0,1,0,1,0,0,1,0,0
sp0034,1,1,0,1,0,0,0,1,0
sp0035,1,1,0,1,0,0,0,1,0
sp0036,0,0,1,0,0,0,1,0,0
sp0037,0,0,1,0,0,0,1,0,1
sp0038,0,0,1,0,0,1,1,0,1
sp0039,0,0,0,0,0,0,0,1,1
sp0040,0,0,1,0,1,0,0,0,0
sp0041,0,0,1,0,0,0,0,1,0
sp0042,0,0,0,0,0,0,0,0,0
sp0043,0,1,0,0,0,0,0,0,0
sp0044,0,0,1,0,1,0,1,0,0
sp0045,0,0,1,1,1,0,1,0,0
sp0046,0,1,0,0,0,0,0,0,0
sp0047,0,0,0,0,1,1,0,0,0
sp0048,0,1,0,0,0,0,1,0,0
sp0049,0,0,0,0,0,0,0,0,0
sp0050,0,1,0,0,0,0,0,1,0
sp0051,0,1,0,0,0,0,0,0,0
sp0052,0,0,0,0,0,0,0,0,0
sp0053,0,0,1,0,0,0,0,1,1
sp0054,1,1,0,0,0,0,0,0,0
sp0055,0,0,1,0,1,0,0,0,0
sp0056,0,1,0,1,0,0,0,1,0
sp0057,0,1,0,0,0,0,0,0,0
sp0058,0,0,1,0,0,0,0,0,0
sp0059,1,1,0,0,0,1,0,0,0
sp0060,0,0,0,0,0,1,0,0,0
sp0061,1,1,1,0,0,1,1,0,0
sp0062,0,0,1,0,0,0,1,0,1
sp0063,0,0,1,1,0,0,1,0,0
sp0064,0,1,0,1,0,1,0,1,0
sp0065,0,0,1,0,0,0,1,0,0
sp0066,0,0,1,1,0,0,1,0,0
sp0067,0,0,1,0,0,0,1,0,0
sp0068,0,0,1,1,0,0,1,0,0
sp0069,0,1,1,0,1,0,0,1,1
sp0070,0,1,0,1,1,1,0,0,0
sp0071,0,1,0,0,0,0,1,0,0
sp0072,0,0,0,0,0,0,0,1,0
sp0073,0,0,1,0,0,0,1,0,0
sp0074,0,0,1,1,0,0,1,0,0
sp0075,1,1,0,1,0,0,0,0,1
sp0076,1,1,0,1,0,0,1,0,0
sp0077,0,0,0,0,0,0,0,1,0
sp0078,0,1,0,1,0,1,0,0,0
sp0079,0,0,1,0,0,1,0,0,0
sp0080,0,0,0,0,0,0,0,1,0
sp0081,0,0,1,0,0,0,1,0,0
sp0082,0,0,1,0,0,0,1,0,0
sp0083,0,0,1,1,0,0,1,0,0
sp0084,0,0,1,1,0,0,1,0,0
sp0085,0,0,0,1,0,0,1,0,0
sp0086,0,0,1,0,1,0,1,0,0
sp0087,0,0,1,0,1,0,1,0,0
sp0088,0,0,1,1,0,0,0,0,0
sp0089,0,0,1,0,0,0,0,0,1
sp0090,0,0,1,0,0,0,1,0,1
sp0091,0,0,1,1,0,0,0,1,1
sp0092,1,1,0,1,0,0,0,0,0
sp0093,0,0,1,0,0,0,0,0,1
sp0094,0,0,0,1,0,0,0,0,0
sp0095,0,0,0,0,0,0,0,0,0
sp0096,0,0,1,0,0,0,1,0,1
sp0097,0,1,1,1,0,0,0,0,0
sp0098,0,0,0,1,0,1,0,1,0
sp0099,0,0,0,0,0,0,0,0,0
sp0100,0,0,1,0,0,0,1,0,0
sp0101,0,0,0,1,0,0,0,0,0
sp0102,0,0,1,0,0,0,1,0,1
sp0103,0,0,0,0,1,0,0,0,0
sp0104,0,0,0,0,1,0,1,0,0
sp0105,0,1,1,0,1,0,1,0,0
sp0106,0,0,0,0,0,0,0,0,0
sp0107,0,1,0,1,0,1,0,1,0
sp0108,0,1,1,1,0,0,1,0,1
sp0109,1,1,0,1,0,0,0,0,1
sp0110,0,0,0,1,0,1,1,0,0
sp0111,0,0,0,1,1,0,0,0,0
sp0112,0,1,1,0,0,0,0,1,1
sp0113,1,1,0,1,0,0,1,0,0
sp0114,0,0,0,1,0,0,0,1,0
sp0115,0,0,0,0,0,0,0,1,0
sp0116,0,0,1,0,0,0,1,0,0
sp0117,0,0,1,1,0,0,0,0,1
sp0118,0,0,0,1,1,0,1,0,0
sp0119,0,0,1,0,0,1,1,0,0
sp0120,0,0,1,1,0,0,0,0,0
sp0121,1,1,0,0,0,0,1,0,0
sp0122,0,0,1,0,0,0,0,1,0
sp0123,0,0,0,0,0,0,0,1,1
sp0124,0,0,1,1,0,0,1,0,0
sp0125,0,0,1,0,0,0,1,0,0
sp0126,0,0,0,0,1,0,0,0,1
sp0127,0,0,0,0,0,1,0,0,0
sp0128,0,1,0,0,1,1,0,0,0
sp0129,0,0,0,0,0,0,0,1,0
sp0130,0,0,0,0,0,0,1,0,0
sp0131,0,0,1,1,0,0,1,0,1
sp0132,0,0,1,0,0,0,1,0,0
sp0133,0,0,1,0,0,0,0,0,0
sp0134,1,1,0,1,0,0,0,0,0
sp0135,0,1,0,1,0,0,0,0,0
sp0136,1,1,0,1,0,0,0,0,0
sp0137,0,0,1,0,0,0,1,0,0
sp0138,0,1,0,1,0,0,0,0,0
sp0139,1,1,1,1,0,0,0,1,0
sp0140,0,0,1,0,0,0,1,0,1
sp0141,1,1,0,1,0,0,1,0,0
sp0142,0,0,1,1,0,0,0,1,0
sp0143,0,1,0,1,0,0,0,0,0
sp0144,0,0,1,1,0,0,0,1,0
sp0145,0,0,1,0,0,0,1,0,1
sp0146,0,0,1,0,1,0,0,0,0
sp0147,0,1,0,0,0,0,1,0,0
sp0148,0,0,0,1,0,1,1,0,0
sp0149,0,0,1,0,0,0,0,0,0
sp0150,0,0,1,0,0,0,1,0,1
sp0151,1,1,0,0,0,1,0,0,0
sp0152,1,1,0,1,0,1,0,0,0
sp0153,1,1,0,1,0,0,1,0,0
sp0154,0,1,0,0,0,0,1,0,1
sp0155,0,0,0,1,0,0,0,0,0
sp0156,0,0,0,0,0,0,0,1,1
sp0157,0,1,0,0,0,0,1,0,0
sp0158,0,0,1,0,0,0,1,0,0
sp0159,0,0,0,1,0,0,0,0,1
sp0160,1,1,0,1,1,1,0,0,0
sp0161,0,0,0,0,0,0,1,0,0
sp0162,0,0,1,1,0,0,0,1,1
sp0163,0,0,0,0,0,0,0,1,1
sp0164,0,0,0,0,0,1,0,0,0
sp0165,0,1,0,1,1,1,0,0,0
sp0166,0,1,0,1,0,1,0,1,0
sp0167,0,0,1,1,1,0,0,1,0
sp0168,0,0,1,1,0,0,0,1,0
sp0169,0,0,0,0,0,0,1,0,0
sp0170,0,1,0,1,0,1,1,0,0
sp0171,0,0,0,1,1,0,1,0,0
sp0172,0,0,1,1,0,0,0,0,0
sp0173,0,1,0,1,0,0,0,1,0
sp0174,0,1,0,1,0,0,1,0,0
sp0175,0,0,0,1,0,0,1,0,0
sp0176,0,1,0,1,0,0,0,1,0
sp0177,0,0,1,1,0,0,1,0,0
sp0178,1,1,0,0,0,0,0,0,0
sp0179,0,1,0,1,0,0,0,0,0
sp0180,0,0,1,1,0,0,1,0,0
sp0181,0,1,1,1,0,0,0,1,1
sp0182,0,0,0,0,0,0,0,0,0
sp0183,0,0,1,0,1,0,1,0,1
sp0184,0,0,1,0,0,0,1,0,1
sp0185,0,0,0,0,0,0,0,0,0
sp0186,0,0,1,0,0,0,0,1,1
sp0187,1,1,0,0,0,0,1,0,0
sp0188,0,0,0,0,0,0,0,0,0
sp0189,1,1,0,0,0,0,0,1,0
sp0190,0,1,0,0,1,0,1,0,1
sp0191,0,1,1,0,0,0,0,0,0
sp0192,0,0,1,0,0,0,0,0,0
sp0193,0,1,1,0,0,0,1,0,0
sp0194,0,0,1,0,0,0,0,0,1
sp0195,1,1,0,1,0,1,0,0,0
sp0196,0,0,0,1,0,1,0,0,0
sp0197,0,0,1,0,1,0,1,0,0
sp0198,1,1,0,0,1,0,0,0,1
sp0199,1,1,0,1,0,0,0,0,0
sp0200,0,0,0,0,0,1,0,1,1
sp0201,0,0,1,0,0,0,1,0,0
sp0202,0,1,0,0,0,0,0,0,0
sp0203,0,0,1,1,0,0,1,0,0
sp0204,1,1,0,0,0,0,0,0,0
sp0205,0,1,0,0,0,0,0,0,0
sp0206,0,0,0,0,1,0,0,1,0
sp0207,0,0,1,0,0,0,1,0,0
sp0208,0,1,0,1,0,1,1,0,0
sp0209,0,0,0,0,0,0,1,0,0
sp0210,0,0,1,1,0,0,1,0,0
sp0211,0,0,0,0,0,0,0,1,1
sp0212,0,0,0,0,1,0,0,0,0
sp0213,0,0,1,1,1,0,0,1,0
sp0214,0,0,0,0,0,0,1,0,0
sp0215,0,1,0,0,0,0,0,1,0
sp0216,0,0,0,0,1,0,0,0,0
sp0217,0,0,1,0,1,0,0,1,0
sp0218,0,0,0,0,0,0,0,0,0
sp0219,0,0,0,0,1,1,0,1,0
sp0220,1,1,0,1,0,1,0,0,0
sp0221,0,0,1,1,0,0,1,0,0
sp0222,0,0,1,0,0,0,1,0,1
sp0223,0,0,1,1,0,0,1,0,0
sp0224,0,0,1,1,0,0,1,0,0
sp0225,0,1,0,1,0,0,0,0,0
sp0226,0,0,1,0,0,0,1,0,0
sp0227,1,1,0,1,0,1,0,0,0
sp0228,1,1,0,1,0,0,0,1,0
sp0229,0,0,0,1,0,0,0,0,0
sp0230,1,1,0,1,0,1,0,1,1
sp0231,0,0,0,1,0,0,0,0,0
sp0232,0,0,1,0,0,0,0,1,1
sp0233,0,0,0,0,0,0,0,1,0
sp0234,0,0,1,0,0,0,1,0,0
sp0235,0,0,1,0,0,0,1,0,1
sp0236,0,0,0,0,0,0,0,1,0
sp0237,0,0,1,0,0,0,1,0,0
sp0238,0,0,1,1,0,0,1,0,0
sp0239,1,1,0,1,0,1,0,0,0
sp0240,0,0,1,1,0,0,0,0,0
sp0241,0,0,0,0,0,0,0,0,0
sp0242,0,1,0,1,0,0,1,0,0
sp0243,1,1,1,1,0,0,1,0,0
sp0244,1,1,1,1,0,1,1,0,0
sp0245,0,0,1,1,0,0,1,0,0
sp0246,1,0,1,1,0,0,1,0,1
sp0247,0,0,1,0,0,0,0,0,1
sp0248,1,1,0,1,0,0,0,1,1
sp0249,1,1,0,1,0,0,0,0,0
sp0250,1,1,0,1,0,0,0,1,0
sp0251,0,0,1,0,0,0,0,0,1
sp0252,0,1,0,0,0,0,1,0,0
sp0253,0,1,0,1,0,0,1,0,0
sp0254,1,1,1,1,0,0,0,1,0
sp0255,1,1,1,0,0,0,0,1,0
sp0256,0,0,0,1,0,0,1,0,0
sp0257,0,0,1,1,0,0,1,0,0
sp0258,0,1,0,1,0,0,0,0,0
sp0259,0,0,0,1,0,0,1,0,0
sp0260,0,0,0,1,0,0,1,0,0
sp0261,0,1,0,1,0,0,0,0,0
sp0262,0,0,1,0,0,0,1,0,0
sp0263,0,0,0,0,0,0,0,0,0
sp0264,0,0,0,0,0,0,0,1,1
sp0265,1,1,0,1,0,0,1,0,1
sp0266,1,1,0,1,0,0,0,0,1
sp0267,0,0,0,1,0,1,0,0,0
sp0268,0,1,1,1,0,0,0,0,0
sp0269,0,0,1,1,0,0,0,0,0
sp0270,0,0,0,0,1,0,0,0,0
sp0271,1,1,0,1,0,0,0,1,0
sp0272,1,1,1,1,0,0,0,1,0
sp0273,0,0,1,1,1,1,0,0,0
sp0274,0,0,1,0,0,0,1,0,0
sp0275,0,1,0,1,0,0,0,1,0
sp0276,0,0,0,0,0,0,0,1,0
sp0277,0,0,0,0,0,0,0,0,0
sp0278,0,0,1,0,0,0,0,1,1
sp0279,0,1,0,1,0,0,0,0,0
sp0280,1,1,0,1,0,0,0,1,0
sp0281,1,1,0,1,0,0,1,0,0
sp0282,0,1,0,0,0,0,0,0,0
sp0283,0,0,1,0,0,0,1,0,0
sp0284,1,1,0,1,0,0,0,1,0
sp0285,1,1,0,1,0,0,0,1,0
sp0286,0,0,1,1,0,0,1,0,0
sp0287,0,1,0,0,0,0,0,0,0
sp0288,0,0,0,1,0,1,0,0,0
sp0289,0,0,0,0,0,0,0,0,0
sp0290,0,1,0,0,0,0,0,0,0
sp0291,0,1,1,0,0,0,1,0,1
sp0292,0,0,1,1,0,0,0,1,0
sp0293,0,0,1,1,0,0,1,0,0
sp0294,0,0,1,0,0,0,1,0,0
sp0295,0,0,0,1,0,0,0,1,0
sp0296,0,1,1,1,0,0,1,0,0
sp0297,0,0,0,1,0,0,0,0,0
sp0298,0,0,0,1,0,0,0,0,0
sp0299,0,1,0,1,0,0,0,0,0
sp0300,0,0,0,1,0,0,0,1,0
sp0301,0,0,0,0,1,0,0,0,0
sp0302,0,0,0,0,0,0,0,1,0
sp0303,0,1,0,1,0,0,0,0,0
sp0304,0,1,1,1,0,0,0,0,1
sp0305,1,1,0,1,0,0,0,1,0
sp0306,0,1,0,0,1,1,0,0,1
sp0307,0,0,0,1,0,0,0,0,0
sp0308,0,0,0,0,0,0,0,0,0
sp0309,0,0,0,1,0,0,0,0,0
sp0310,0,0,0,1,0,1,0,0,0
sp0311,1,1,0,0,0,0,0,0,0
sp0312,0,0,1,0,0,0,0,1,0
sp0313,1,1,1,1,0,0,0,1,0
sp0314,0,1,1,0,0,1,1,0,1
sp0315,0,1,0,0,0,0,1,0,0
sp0316,0,0,1,0,0,0,1,0,0
sp0317,1,1,0,1,0,0,0,0,0
sp0318,0,1,0,0,0,0,0,1,0
sp0319,1,1,0,1,0,0,1,0,0
sp0320,0,0,0,0,0,1,0,0,0
sp0321,0,0,0,1,0,0,0,0,0
sp0322,0,0,1,1,0,0,1,0,0
sp0323,0,1,0,0,0,0,0,0,0
sp0324,0,1,0,0,0,0,0,0,0
sp0325,0,0,0,0,0,0,0,0,0
sp0326,0,0,1,0,0,0,0,1,0
sp0327,0,1,0,0,0,0,1,0,0
sp0328,0,0,0,0,0,0,0,0,1
sp0329,0,0,1,0,0,0,0,1,0
sp0330,0,1,0,0,0,0,0,0,0
sp0331,0,0,1,0,0,0,0,0,1
sp0332,0,1,0,0,1,0,0,0,0
sp0333,0,0,0,0,0,0,0,0,0
sp0334,0,0,0,1,1,0,0,1,1
sp0335,0,0,1,1,0,0,1,0,0
sp0336,0,0,1,1,0,0,1,0,0
sp0337,0,0,1,0,1,0,0,1,1
sp0338,0,0,1,1,0,0,1,0,1
sp0339,0,0,1,1,0,0,1,0,0
sp0340,0,0,1,1,0,0,1,0,0
sp0341,0,0,1,1,0,0,1,0,0
sp0342,0,1,0,1,0,1,0,1,0
sp0343,0,1,0,0,0,0,0,0,0
sp0344,0,0,0,1,0,0,0,0,0
sp0345,0,1,0,0,0,0,1,0,0
sp0346,0,0,1,1,0,0,0,0,0
sp0347,0,0,0,0,0,1,0,1,1
sp0348,0,1,0,1,0,0,1,0,0
sp0349,0,0,0,1,0,0,0,1,1
sp0350,0,0,1,0,1,0,0,0,0
sp0351,0,0,1,0,0,0,0,0,0
sp0352,1,1,0,0,0,1,0,0,0
sp0353,0,0,0,1,0,1,0,0,0
sp0354,1,1,0,0,0,1,0,0,0
sp0355,0,0,1,0,0,0,1,0,0
sp0356,0,1,1,1,0,0,1,0,0
sp0357,0,0,1,0,0,0,1,0,0
sp0358,0,0,0,0,0,0,0,1,0
sp0359,0,0,1,0,0,0,1,0,0
sp0360,0,0,0,1,0,0,0,1,1
sp0361,1,1,0,1,0,0,1,0,0
sp0362,0,0,1,0,0,0,0,0,0
sp0363,0,0,1,0,0,0,1,0,0
sp0364,0,0,1,0,0,0,1,0,0
sp0365,0,1,0,0,0,0,0,1,1
sp0366,0,0,0,0,0,0,0,1,0
sp0367,0,0,0,0,0,0,0,0,0
sp0368,0,0,0,1,0,0,0,1,0
sp0369,1,1,0,1,0,0,1,0,0
sp0370,0,0,1,0,1,0,0,1,0
sp0371,0,0,0,0,0,0,0,0,0
sp0372,0,1,0,1,0,0,0,1,0
sp0373,0,0,0,0,0,0,0,0,0
sp0374,0,0,1,0,0,0,1,0,0
sp0375,0,0,1,0,0,0,1,0,0
sp0376,0,0,1,1,0,0,1,0,0
sp0377,0,0,1,0,0,0,1,0,1
sp0378,0,0,1,0,0,0,1,0,1
sp0379,0,0,1,0,0,0,1,0,0
sp0380,0,0,1,1,1,0,1,0,0
sp0381,0,0,0,0,0,0,1,0,0
sp0382,0,0,1,1,0,0,1,0,1
sp0383,0,0,1,1,0,0,0,1,0
sp0384,1,1,1,1,0,0,1,0,0
sp0385,0,1,1,0,0,0,1,0,0
sp0386,0,0,1,1,0,0,0,1,0
sp0387,1,1,0,1,0,0,0,1,0
sp0388,0,0,0,0,1,0,0,0,0
sp0389,0,1,1,0,1,0,1,0,0
sp0390,1,1,0,1,0,0,0,0,0
sp0391,1,1,0,0,0,0,0,1,0
sp0392,0,0,0,0,0,0,0,0,0
sp0393,0,0,0,1,0,1,1,0,0
sp0394,1,1,0,1,0,0,0,0,0
sp0395,0,0,0,0,0,0,0,0,0
sp0396,1,1,0,1,0,1,0,0,0
sp0397,0,0,0,0,0,0,0,0,1
sp0398,0,1,0,0,0,0,0,0,0
sp0399,1,1,0,1,0,0,0,0,0
sp0400,0,0,0,0,1,0,0,0,0
sp0401,0,0,0,0,1,0,0,1,0
sp0402,0,0,1,0,0,0,0,1,1
sp0403,0,0,0,0,0,0,0,0,0
sp0404,0,0,0,0,0,1,0,1,0
sp0405,0,0,0,0,0,1,0,0,0
sp0406,0,0,1,0,0,0,0,1,0
sp0407,0,0,1,0,0,0,0,0,0
sp0408,0,0,0,0,0,0,0,1,1
sp0409,1,1,0,0,0,0,0,0,0
sp0410,0,0,0,1,0,0,0,0,0
sp0411,0,1,1,0,0,0,1,0,0
sp0412,0,0,0,0,0,1,0,0,0
sp0413,1,1,1,1,0,0,0,1,0
sp0414,0,0,1,0,0,0,1,0,1
sp0415,1,1,0,1,0,0,1,0,0
sp0416,0,0,1,1,0,0,1,0,0
sp0417,0,0,0,0,0,0,0,1,0
sp0418,0,0,0,1,0,0,0,1,1
sp0419,0,0,0,0,0,0,1,0,0
sp0420,0,1,0,1,0,0,0,0,0
sp0421,0,1,1,0,0,0,1,0,1
sp0422,0,0,1,0,0,0,1,0,0
sp0423,0,0,1,1,0,0,1,0,0
sp0424,0,0,0,1,0,1,0,0,0
sp0425,0,0,1,1,0,0,1,0,1
sp0426,0,0,0,0,0,0,0,0,0
sp0427,1,1,0,0,0,0,0,0,1
sp0428,0,0,1,0,0,0,1,0,0
sp0429,0,0,1,0,0,1,0,0,0
sp0430,0,0,1,1,0,0,1,0,0
sp0431,0,0,0,1,0,1,0,0,0
sp0432,0,0,0,0,0,0,0,0,0
sp0433,0,1,0,0,0,0,0,1,0
sp0434,1,1,0,1,0,0,1,0,0
sp0435,1,1,0,0,0,0,0,0,1
sp0436,1,1,0,1,0,0,0,0,0
sp0437,0,0,1,1,0,0,0,1,0
sp0438,0,1,1,1,0,0,0,0,0
sp0439,0,0,1,1,0,0,1,0,0
sp0440,0,1,1,1,0,0,0,0,0
sp0441,0,1,1,1,0,0,0,0,0
sp0442,0,0,0,0,0,0,0,1,1
sp0443,0,0,0,0,0,0,0,1,0
sp0444,0,0,0,0,0,0,0,1,0
sp0445,0,1,0,0,1,0,0,0,1
sp0446,0,1,0,0,0,0,1,0,0
sp0447,1,1,0,1,1,0,0,0,0
sp0448,0,1,1,0,0,0,1,0,0
sp0449,0,1,1,1,0,0,0,0,0
sp0450,0,0,0,0,0,0,0,1,0
sp0451,0,0,1,1,0,0,1,0,0
sp0452,0,0,0,1,0,0,0,0,0
sp0453,1,1,0,0,0,0,1,0,0
sp0454,0,0,0,1,0,0,0,0,0
sp0455,0,0,0,0,0,1,0,0,0
sp0456,0,1,0,1,0,0,0,0,0
sp0457,0,1,0,1,0,0,0,1,0
sp0458,0,0,0,1,0,1,0,0,0
sp0459,0,0,0,1,0,0,0,0,0
sp0460,0,0,0,0,0,0,1,0,0
sp0461,0,0,0,0,0,0,1,0,0
sp0462,0,1,0,0,1,0,0,1,0
sp0463,1,1,0,1,0,1,0,1,0
sp0464,1,1,0,1,0,0,0,1,0
sp0465,1,1,1,0,0,1,1,0,0
sp0466,1,1,0,0,0,0,1,0,0
sp0467,0,0,0,1,0,0,1,0,0
sp0468,0,0,1,0,0,0,1,0,0
sp0469,0,0,1,0,0,0,1,0,1
sp0470,0,0,1,1,0,0,1,0,0
sp0471,0,0,1,0,0,0,1,0,0
sp0472,1,1,0,1,1,0,0,0,0
sp0473,0,0,0,0,1,0,0,0,0
sp0474,0,0,1,0,1,0,1,0,0
sp0475,0,0,1,1,0,0,1,0,0
sp0476,0,1,1,0,0,0,1,0,1
sp0477,0,0,1,1,0,0,1,0,0
sp0478,0,1,0,0,0,1,0,1,0
sp0479,0,0,0,1,1,0,0,0,0
sp0480,0,1,1,1,0,0,1,0,1
sp0481,0,0,1,0,0,0,0,1,0
sp0482,0,0,0,1,0,0,1,0,0
sp0483,0,0,1,0,0,0,1,0,0
sp0484,0,1,0,1,0,0,0,0,0
sp0485,1,1,1,1,0,0,0,0,0
sp0486,0,0,1,0,0,0,0,0,0
sp0487,0,0,1,0,0,0,1,0,0
sp0488,0,1,0,0,1,1,0,0,0
sp0489,0,1,0,1,1,0,0,1,0
sp0490,0,0,0,0,1,0,0,1,1
sp0491,0,0,0,1,0,0,0,1,0
sp0492,0,0,1,1,0,0,1,0,0
sp0493,0,0,1,1,1,0,1,0,1
sp0494,0,0,1,1,0,0,0,1,0
sp0495,0,0,0,1,0,1,1,0,0
sp0496,0,1,0,0,0,0,0,0,1
sp0497,0,0,1,0,0,0,1,0,0
sp0498,0,1,1,0,0,1,1,0,0
sp0499,0,0,1,1,0,0,0,0,1
sp0500,0,0,1,0,0,0,1,0,0
sp0501,0,1,0,1,0,0,0,0,0
sp0502,0,0,0,0,0,0,1,0,0
sp0503,1,1,0,1,0,0,0,1,0
sp0504,1,1,0,1,0,0,0,0,0
sp0505,0,0,1,1,0,0,0,0,1
sp0506,0,0,1,1,0,0,1,0,0
sp0507,1,1,0,1,0,1,0,1,0
sp0508,1,1,1,1,0,0,0,1,0
sp0509,0,0,0,1,0,0,0,0,1
sp0510,0,0,1,1,0,0,1,0,0
sp0511,0,0,1,1,0,0,1,0,0
sp0512,1,1,0,1,0,0,0,1,0
sp0513,0,0,1,0,0,0,1,0,0
sp0514,0,0,0,0,0,0,0,0,0
sp0515,0,0,1,1,0,0,1,0,0
sp0516,0,0,1,0,1,0,1,0,0
sp0517,0,0,0,0,0,0,1,0,1
sp0518,0,0,0,0,1,1,0,1,1
sp0519,0,1,0,1,0,1,0,1,0
sp0520,0,1,0,0,0,1,0,0,0
sp0521,0,1,1,0,1,0,0,0,0
sp0522,0,1,0,0,1,0,0,0,1
sp0523,0,0,0,0,1,0,0,1,0
sp0524,0,0,1,0,1,0,0,1,1
sp0525,0,0,0,1,0,0,0,0,0
sp0526,1,1,0,1,1,1,0,0,0
sp0527,0,0,1,0,0,0,1,0,0
sp0528,1,1,0,1,0,0,0,1,0
sp0529,0,0,1,0,0,0,1,0,0
sp0530,1,1,0,1,0,0,1,0,0
sp0531,0,1,0,1,0,1,1,0,0
sp0532,0,0,1,1,0,0,1,0,0
sp0533,0,0,1,0,0,0,1,0,0
sp0534,0,0,1,0,0,0,0,0,1
sp0535,0,0,1,0,0,0,0,0,1
sp0536,1,1,0,1,0,0,1,0,0
sp0537,0,0,1,0,0,0,0,0,0
sp0538,0,0,1,0,0,0,1,0,0
sp0539,1,1,0,0,0,0,1,0,0
sp0540,0,1,0,0,0,1,0,1,1
sp0541,0,0,1,1,1,0,0,1,1
sp0542,0,0,0,0,0,0,0,1,0
sp0543,0,0,1,0,0,0,0,1,1
sp0544,0,0,1,0,0,0,1,0,1
sp0545,0,0,1,0,1,0,0,1,1
sp0546,0,0,1,0,0,0,0,1,0
sp0547,0,0,0,0,0,0,0,1,1
sp0548,0,0,1,0,0,0,0,1,0
sp0549,0,0,0,0,0,0,0,1,0
sp0550,0,0,1,0,0,0,1,0,0
sp0551,0,0,0,0,0,0,1,0,0
sp0552,0,1,0,0,1,0,0,1,1
sp0553,0,0,1,0,0,0,1,0,0
sp0554,0,0,1,0,0,0,1,0,0
sp0555,0,1,0,0,1,0,0,1,0
sp0556,0,0,1,0,0,0,0,1,0
sp0557,0,0,0,0,0,1,0,0,0
sp0558,0,0,1,0,0,0,1,0,0
sp0559,0,0,0,0,0,0,0,1,0
sp0560,0,0,1,0,0,0,1,0,0
sp0561,0,0,0,0,0,0,0,1,0
sp0562,1,1,0,1,1,0,0,0,0
sp0563,0,0,0,1,0,1,0,0,0
sp0564,0,0,0,0,1,0,0,1,0
sp0565,0,1,0,0,1,0,0,1,1
sp0566,0,0,0,1,0,0,0,0,0
sp0567,0,0,1,0,0,0,1,0,0
sp0568,1,1,0,1,0,0,1,0,0
sp0569,0,0,0,1,0,0,0,1,0
sp0570,0,0,0,0,0,0,0,0,0
sp0571,0,0,1,0,1,0,1,0,0
sp0572,0,0,1,0,0,1,1,0,0
sp0573,0,0,0,1,0,1,0,0,0
sp0574,0,0,0,1,1,1,0,0,0
sp0575,0,1,1,0,0,0,1,0,0
sp0576,0,0,0,1,0,0,0,1,0
sp0577,0,0,1,1,0,0,0,1,0
sp0578,0,0,0,1,1,0,0,1,0
sp0579,1,1,0,0,0,0,0,1,0
sp0580,0,0,0,1,0,1,0,0,0
sp0581,1,1,0,1,0,0,0,0,0
sp0582,0,1,0,0,0,0,0,1,0
sp0583,1,1,0,1,1,1,1,0,0
sp0584,0,1,0,0,1,1,0,1,0
sp0585,0,1,0,1,0,0,0,0,0
sp0586,0,0,0,0,0,0,1,0,0
sp0587,0,0,0,1,1,0,1,0,0
sp0588,0,0,0,1,1,0,1,0,0
sp0589,0,1,0,0,0,0,0,0,0
sp0590,0,1,0,0,0,0,0,1,1
sp0591,0,0,0,0,0,0,0,0,1
sp0592,0,0,1,0,0,0,0,0,0
sp0593,0,0,1,0,0,0,1,0,0
sp0594,0,0,1,0,0,1,0,0,0
sp0595,0,0,1,0,1,0,1,0,0
sp0596,1,1,0,1,0,0,1,0,0
sp0597,0,0,1,1,0,0,0,0,0
sp0598,0,0,0,0,0,0,0,0,0
sp0599,0,0,1,0,0,0,1,0,1
sp0600,0,0,1,0,0,0,0,1,0
sp0601,1,1,0,1,0,0,1,0,0
sp0602,1,1,0,1,0,0,1,0,0
sp0603,1,1,0,1,0,0,0,1,0
sp0604,0,0,0,1,0,1,0,0,0
sp0605,0,0,0,1,0,0,0,0,0
sp0606,1,1,1,1,0,0,0,0,0
sp0607,0,0,1,0,0,0,1,0,0
sp0608,0,0,0,1,0,0,0,1,0
sp0609,0,0,1,0,0,0,0,1,1
sp0610,0,1,0,0,0,0,0,0,0
sp0611,0,0,0,0,0,0,0,1,1
sp0612,0,0,1,0,1,0,1,0,0
sp0613,0,0,0,1,0,0,1,0,0
sp0614,0,0,1,0,0,0,0,0,0
sp0615,0,0,1,1,0,0,1,0,0
sp0616,1,1,0,1,0,0,1,0,0
sp0617,1,1,0,1,0,0,0,1,1
sp0618,0,0,1,0,1,0,1,0,1
sp0619,1,1,0,1,0,0,0,0,0
sp0620,0,0,0,1,0,0,0,0,0
sp0621,1,1,0,0,0,0,1,0,0
sp0622,0,0,0,0,0,0,0,1,0
sp0623,1,1,0,1,0,0,0,0,0
sp0624,0,0,1,1,0,0,1,0,0
sp0625,0,0,1,0,0,0,1,0,0
sp0626,0,0,1,0,0,0,1,0,0
sp0627,1,1,0,0,0,0,1,0,0
sp0628,0,0,1,0,0,0,1,0,0
sp0629,0,1,0,1,0,0,0,1,0
sp0630,0,0,1,0,0,0,1,0,0
sp0631,0,0,1,0,0,0,1,0,0
sp0632,0,0,1,0,0,0,1,0,0
sp0633,0,1,1,1,0,0,1,0,1
sp0634,0,0,1,0,0,0,1,0,0
sp0635,0,0,0,1,0,1,0,1,0
sp0636,0,0,0,1,0,0,0,1,1
sp0637,0,1,0,0,0,0,0,0,0
sp0638,0,0,1,0,0,0,1,0,0
sp0639,0,0,1,1,0,0,1,0,0
sp0640,1,1,0,1,0,0,1,0,0
sp0641,0,0,0,0,0,0,0,1,0
sp0642,0,0,0,1,0,0,0,1,0
sp0643,0,1,0,0,0,0,0,0,0
sp0644,1,1,0,1,0,1,1,0,0
sp0645,0,0,1,0,1,0,0,0,0
sp0646,1,1,0,1,0,0,0,0,0
sp0647,0,1,0,1,0,1,1,0,0
sp0648,0,0,0,0,0,0,0,0,0
sp0649,0,0,0,0,0,0,0,1,0
sp0650,0,0,1,0,0,0,1,0,0
sp0651,0,0,0,1,1,0,0,0,0
sp0652,1,1,1,0,1,1,1,0,0
sp0653,0,0,1,0,0,0,1,0,0
sp0654,0,0,0,0,0,0,0,0,1
sp0655,0,1,0,0,0,0,1,0,0
sp0656,0,0,1,0,0,0,1,0,0
sp0657,0,0,0,0,0,0,0,0,0
sp0658,0,1,0,1,0,0,0,0,0
sp0659,1,1,0,1,0,0,0,1,0
sp0660,0,0,0,0,0,0,0,0,0
sp0661,1,1,0,1,0,0,1,0,0
sp0662,0,0,0,1,0,0,0,0,0
sp0663,1,1,0,1,0,0,0,0,0
sp0664,1,1,0,1,0,0,1,0,0
sp0665,0,0,1,0,0,0,1,0,0
sp0666,0,0,0,1,0,0,0,0,0
sp0667,0,0,0,0,0,0,0,0,0
sp0668,1,1,1,0,0,0,0,1,0
sp0669,0,1,0,0,0,1,0,0,0
sp0670,1,1,1,1,0,0,0,1,0
sp0671,0,0,1,1,0,0,1,0,1
sp0672,0,0,1,0,0,0,1,0,0
sp0673,0,1,0,1,0,0,0,0,0
sp0674,0,0,1,0,0,0,1,0,0
sp0675,0,0,0,1,0,0,0,0,0
sp0676,0,0,0,1,0,0,1,0,0
sp0677,0,0,0,0,0,1,0,0,0
sp0678,0,1,0,0,0,0,0,0,0
sp0679,1,1,0,1,0,1,0,0,0
sp0680,0,0,1,1,0,0,1,0,0
sp0681,0,0,0,1,0,0,0,1,0
sp0682,0,0,0,0,0,0,0,0,0
sp0683,0,0,1,0,1,0,0,0,0
sp0684,1,1,0,1,0,0,0,1,0
sp0685,0,0,1,1,0,0,1,0,0
sp0686,0,0,0,1,0,1,0,0,0
sp0687,0,1,1,0,1,0,1,0,0
sp0688,0,0,1,1,0,0,0,1,0
sp0689,0,1,0,0,0,0,1,0,0
sp0690,0,1,0,0,0,0,0,1,1
sp0691,0,1,1,0,0,0,0,0,0
sp0692,0,1,1,1,0,0,1,0,1
sp0693,0,0,0,0,0,0,0,0,0
sp0694,0,0,1,0,0,0,1,0,0
sp0695,0,0,0,1,0,0,0,1,1
sp0696,0,1,0,1,0,0,0,1,1
sp0697,0,0,0,0,0,0,0,0,0
sp0698,0,0,0,0,0,0,0,0,0
sp0699,0,0,0,0,0,0,0,0,0
sp0700,1,1,0,0,0,0,0,0,1
sp0701,0,1,0,0,0,0,1,0,0
sp0702,0,0,0,0,0,1,0,1,0
sp0703,0,1,0,0,1,1,0,0,0
sp0704,0,1,1,1,1,0,0,0,0
sp0705,0,0,0,0,0,0,0,1,0
sp0706,0,0,0,0,1,0,0,0,0
sp0707,0,1,0,0,0,0,0,1,0
sp0708,0,0,1,1,0,0,1,0,0
sp0709,0,0,1,1,0,0,0,0,0
sp0710,0,0,1,1,0,0,1,0,0
sp0711,0,0,1,0,0,0,1,0,0
sp0712,0,0,1,0,0,1,0,0,0
sp0713,1,1,0,1,1,0,0,0,0
sp0714,0,0,0,1,1,0,0,1,0
sp0715,0,0,0,0,1,0,0,1,0
sp0716,0,1,0,1,1,0,0,1,0
sp0717,0,0,0,1,0,0,0,1,0
sp0718,1,1,0,1,0,0,0,1,0
sp0719,0,0,0,1,0,0,0,1,0
sp0720,1,1,0,1,0,0,1,0,0
sp0721,1,1,0,1,0,0,1,0,0
sp0722,0,0,0,1,0,0,0,1,0
sp0723,0,1,0,1,0,0,0,0,0
sp0724,0,0,0,0,0,0,1,0,0
sp0725,0,1,0,0,0,0,1,0,0
sp0726,0,0,1,0,0,0,1,0,0
sp0727,0,0,1,1,0,0,1,0,0
sp0728,1,1,0,1,0,0,0,0,0
sp0729,0,0,1,0,0,0,1,0,0
sp0730,0,0,0,0,0,0,0,1,1
sp0731,0,0,0,0,0,0,1,0,0
sp0732,0,0,1,0,0,0,1,0,0
sp0733,0,0,1,1,0,0,1,0,0
sp0734,0,0,0,0,0,0,0,1,1
sp0735,0,0,0,0,1,1,0,1,0
sp0736,0,0,1,1,0,0,0,1,0
sp0737,0,1,1,0,1,0,0,1,0
sp0738,0,0,1,1,0,1,0,0,0
sp0739,0,1,0,1,0,1,0,1,1
sp0740,1,1,0,0,0,1,0,1,0
sp0741,0,1,0,0,0,0,0,0,0
sp0742,0,0,0,0,0,1,0,0,0
sp0743,0,0,0,0,0,1,0,1,1
sp0744,0,0,0,0,0,0,0,0,0
sp0745,0,0,1,0,1,0,1,0,0
sp0746,0,0,1,0,0,0,1,0,0
sp0747,0,0,0,0,0,1,0,0,0
sp0748,0,0,1,1,0,0,0,1,0
sp0749,0,1,0,1,0,0,1,0,0
sp0750,0,0,0,0,1,0,0,0,0
sp0751,0,0,0,0,0,0,1,0,1
sp0752,0,0,1,0,1,0,0,1,0
sp0753,0,0,0,1,0,0,1,0,0
sp0754,0,0,0,0,0,0,0,1,0
sp0755,0,0,0,1,1,0,0,0,0
sp0756,0,0,0,1,0,1,0,0,0
sp0757,0,0,1,0,0,0,1,0,0
sp0758,1,1,0,1,0,0,0,1,0
sp0759,0,1,0,1,0,0,1,0,0
sp0760,0,0,0,1,0,0,0,1,0
sp0761,0,0,1,0,0,0,1,0,0
sp0762,0,0,0,0,0,0,0,1,1
sp0763,0,0,1,0,1,0,1,0,1
sp0764,0,0,1,0,0,0,1,0,0
sp0765,1,1,0,0,0,0,1,0,0
sp0766,0,0,1,0,1,0,1,0,0
sp0767,1,1,1,0,0,1,1,0,0
sp0768,0,0,0,1,0,0,0,1,0
sp0769,0,0,0,1,0,0,0,1,0
sp0770,0,0,1,0,1,0,1,0,1
sp0771,0,0,0,1,0,0,0,0,0
sp0772,0,0,0,0,1,0,0,0,1
sp0773,0,0,1,0,0,0,0,1,1
sp0774,0,0,1,0,1,0,1,0,1
sp0775,0,0,0,1,0,0,0,0,0
sp0776,0,1,0,0,0,0,1,0,0
sp0777,0,0,1,0,1,0,1,0,1
sp0778,0,0,1,0,1,0,0,0,1
sp0779,0,0,1,0,0,0,1,0,0
sp0780,0,1,0,1,0,1,1,0,0
sp0781,0,0,1,0,0,0,1,0,0
sp0782,0,1,0,1,1,0,0,1,0
sp0783,0,0,1,0,0,0,0,1,1
sp0784,0,0,0,0,0,0,0,0,0
sp0785,1,1,0,1,0,1,0,0,0
sp0786,1,1,0,1,1,0,0,1,0
sp0787,1,1,0,1,0,0,0,1,0
sp0788,0,0,0,1,0,0,1,0,0
sp0789,0,0,0,0,0,1,0,0,0
sp0790,0,1,0,0,0,0,1,0,0
sp0791,0,0,1,0,0,0,0,1,0
sp0792,0,0,0,0,1,0,0,1,0
sp0793,0,0,1,0,0,0,1,0,0
sp0794,1,1,0,1,1,0,1,0,0
sp0795,0,0,0,0,1,0,0,0,0
sp0796,0,0,1,1,1,0,1,0,0
sp0797,0,0,1,0,1,0,0,1,0
sp0798,0,0,0,1,0,0,0,0,0
sp0799,0,0,1,0,1,0,1,0,0
sp0800,0,0,1,0,1,0,0,1,0
sp0801,0,0,0,1,0,0,0,0,0
sp0802,0,0,1,1,0,0,1,0,0
sp0803,0,0,0,1,0,0,0,1,1
sp0804,0,0,1,0,1,0,1,0,1
sp0805,0,0,1,0,0,0,0,0,0
sp0806,0,0,0,0,0,0,0,1,1
sp0807,1,1,0,0,0,0,0,0,0
sp0808,0,0,1,0,0,0,1,0,0
sp0809,0,0,0,1,0,0,1,0,0
sp0810,0,0,0,0,0,0,0,0,1
sp0811,1,1,0,1,1,0,0,0,1
sp0812,0,0,0,0,0,0,0,1,0
sp0813,0,1,0,1,0,1,0,0,0
sp0814,0,1,0,1,0,0,0,0,0
sp0815,0,1,0,1,1,0,0,0,0
sp0816,1,1,0,1,0,0,0,1,0
sp0817,0,1,0,0,1,0,0,0,0
sp0818,0,1,0,1,0,0,0,1,0
sp0819,0,1,0,1,0,0,0,0,0
sp0820,0,0,0,1,0,1,0,0,0
sp0821,0,1,0,1,0,0,0,1,0
sp0822,0,1,0,1,0,1,0,1,0
sp0823,0,0,0,1,0,0,1,0,0
sp0824,0,0,1,1,0,0,0,0,0
sp0825,0,0,1,0,0,0,1,0,1
sp0826,1,1,0,1,0,0,0,0,0
sp0827,0,0,1,0,0,0,1,0,0
sp0828,0,0,1,1,0,0,1,0,0
sp0829,1,1,0,1,0,0,0,0,0
sp0830,1,1,0,0,1,0,0,0,0
sp0831,0,0,0,1,0,0,0,0,0
sp0832,0,0,1,0,0,0,1,0,0
sp0833,0,1,0,0,1,0,0,0,0
sp0834,1,1,0,1,0,0,0,1,0
sp0835,0,0,1,1,0,0,1,0,0
sp0836,1,1,1,0,0,0,0,1,0
sp0837,1,1,0,0,0,0,0,1,0
sp0838,1,1,0,0,0,0,1,0,0
sp0839,0,0,0,0,0,0,0,0,0
sp0840,0,0,1,1,0,0,1,0,0
sp0841,0,1,0,1,0,1,1,0,0
sp0842,0,0,0,1,0,0,0,0,0
sp0843,0,1,0,0,0,1,0,1,1
sp0844,0,0,1,1,1,0,1,0,0
sp0845,0,0,1,1,0,0,1,0,0
sp0846,0,0,1,0,0,0,0,1,1
sp0847,0,1,0,1,1,1,0,0,0
sp0848,0,0,1,0,1,0,0,0,0
sp0849,0,1,1,1,0,0,1,0,1
sp0850,1,1,0,0,0,0,0,0,1
sp0851,0,0,1,0,0,0,0,0,0
sp0852,0,0,1,1,0,0,1,0,1
sp0853,1,1,0,0,0,0,1,0,0
sp0854,1,1,0,1,0,0,0,0,0
sp0855,0,0,0,1,1,0,0,0,0
sp0856,0,0,1,0,0,0,1,0,0
sp0857,0,0,0,1,0,1,0,0,0
sp0858,0,0,1,0,0,0,0,1,0
sp0859,1,1,0,1,0,0,1,0,0
sp0860,0,1,1,0,1,0,1,0,0
sp0861,0,0,1,0,0,0,0,1,1
sp0862,0,0,1,0,0,0,0,0,0
sp0863,0,0,1,0,1,0,1,0,1
sp0864,0,0,0,0,1,0,0,1,0
sp0865,0,0,0,0,1,0,0,0,0
sp0866,0,1,0,0,0,1,0,1,1
sp0867,1,1,1,1,0,0,1,0,0
sp0868,0,0,0,0,0,0,0,0,0
sp0869,1,1,0,0,0,0,1,0,0
sp0870,0,0,1,1,0,0,0,1,1
sp0871,0,0,0,0,0,0,0,0,0
sp0872,0,0,0,0,0,0,0,0,1
sp0873,1,1,0,0,0,0,0,1,1
sp0874,0,0,0,1,1,0,0,1,0
sp0875,0,1,0,1,0,1,1,0,0
sp0876,0,0,0,1,0,0,0,0,0
sp0877,0,0,1,1,0,0,1,0,0
sp0878,1,1,0,0,0,0,0,0,0
sp0879,0,0,1,0,0,0,0,1,0
sp0880,0,0,0,0,1,0,0,0,0
sp0881,0,0,1,0,0,0,1,0,0
sp0882,0,0,0,0,0,0,0,1,0
sp0883,0,1,0,1,0,1,1,0,0
sp0884,1,1,0,1,0,0,0,0,0
sp0885,1,1,1,0,0,1,1,0,0
sp0886,1,1,0,1,0,0,0,0,0
sp0887,0,0,0,1,0,0,0,1,0
sp0888,0,1,0,0,0,1,0,1,1
sp0889,0,1,0,1,1,0,0,0,0
sp0890,0,1,0,1,0,1,1,0,0
sp0891,1,1,0,1,0,0,0,0,0
sp0892,0,0,1,0,0,0,0,1,0
sp0893,0,0,1,1,0,0,1,0,0
sp0894,0,0,0,1,0,0,1,0,0
sp0895,0,0,1,0,1,1,1,0,1
sp0896,0,0,1,1,0,0,0,0,0
sp0897,1,1,1,1,0,1,1,0,0
sp0898,0,0,0,1,0,0,1,0,0
sp0899,0,0,0,1,0,0,0,1,1
sp0900,0,1,0,0,1,0,1,0,1
sp0901,0,0,1,1,0,0,0,0,0
sp0902,1,1,0,1,0,1,0,1,0
sp0903,0,0,0,0,0,0,1,0,0
sp0904,1,1,0,1,0,0,1,0,0
sp0905,0,1,0,1,0,0,1,0,0
sp0906,1,1,0,1,0,0,0,1,0
sp0907,0,0,0,1,1,0,1,0,0
sp0908,0,0,1,0,0,0,0,1,1
sp0909,0,1,0,0,0,0,1,0,0
sp0910,0,0,0,0,0,0,0,0,0
sp0911,1,1,0,1,0,0,1,0,0
sp0912,0,0,0,0,0,0,0,0,0
sp0913,0,0,1,1,0,0,1,0,0
sp0914,0,0,1,1,0,0,1,0,0
sp0915,0,0,1,0,0,0,1,0,0
sp0916,0,0,1,1,0,0,1,0,0
sp0917,0,0,1,0,1,0,1,0,1
sp0918,0,0,0,1,0,0,0,0,0
sp0919,0,0,0,0,1,0,0,0,0
sp0920,0,1,1,0,0,1,1,0,0
sp0921,0,0,1,0,1,0,0,0,0
sp0922,0,0,1,1,0,0,0,0,0
sp0923,0,0,1,0,1,0,0,1,0
sp0924,0,0,0,0,1,0,1,0,0
sp0925,0,0,0,0,1,0,0,1,0
sp0926,0,0,0,0,0,0,0,1,0
sp0927,0,0,1,1,0,0,1,0,0
sp0928,0,0,0,1,0,0,0,0,0
sp0929,0,0,0,0,1,0,0,0,0
sp0930,0,0,1,1,1,0,1,0,0
sp0931,0,0,1,1,1,0,1,0,0
sp0932,0,0,0,1,1,1,0,1,0
sp0933,0,0,0,1,0,1,0,0,1
sp0934,0,0,1,1,0,0,0,0,1
sp0935,0,0,0,0,0,0,0,0,0
sp0936,0,0,0,0,0,0,0,1,1
sp0937,0,0,1,0,0,0,1,0,0
sp0938,1,1,0,1,0,0,0,0,0
sp0939,0,1,0,0,0,0,0,0,0
sp0940,0,0,0,0,0,0,0,0,1
sp0941,0,0,1,0,1,0,1,0,0
sp0942,0,0,0,1,0,0,0,0,0
sp0943,1,1,0,0,1,0,0,0,1
sp0944,0,1,0,0,1,0,0,0,1
sp0945,0,0,0,0,0,0,0,1,0
sp0946,0,1,1,0,0,0,0,1,0
sp0947,1,1,0,1,0,0,1,0,0
sp0948,0,0,1,0,0,0,1,0,0
sp0949,0,0,1,1,0,0,1,0,0
sp0950,1,1,0,0,0,0,0,1,0
sp0951,0,0,0,1,0,0,0,1,1
sp0952,0,0,1,0,0,0,1,0,1
sp0953,0,0,0,0,0,1,0,1,1
sp0954,0,0,1,0,0,0,1,0,0
sp0955,0,0,0,0,0,0,0,1,1
sp0956,0,0,1,0,0,0,0,0,0
sp0957,0,1,0,1,1,0,0,0,0
sp0958,0,1,0,1,0,0,1,0,0
sp0959,0,1,1,1,0,0,1,0,1
sp0960,0,0,0,1,0,0,0,0,0
sp0961,0,0,1,1,0,1,0,0,0
sp0962,0,0,0,0,1,0,1,0,0
sp0963,0,0,1,1,0,0,1,0,0
sp0964,0,0,0,0,0,0,0,0,0
sp0965,0,1,0,1,0,1,0,0,0
sp0966,0,0,1,1,0,0,1,0,0
sp0967,0,0,0,0,0,0,0,0,1
sp0968,0,1,1,1,0,0,0,0,0
sp0969,0,0,0,1,0,0,0,0,0
sp0970,1,1,1,1,0,0,0,1,0
sp0971,0,0,1,0,0,0,0,0,1
sp0972,1,1,0,1,0,1,0,0,0
sp0973,0,0,0,0,1,0,0,1,0
sp0974,0,0,1,0,1,0,0,0,1
sp0975,0,0,1,0,0,0,1,0,0
sp0976,0,1,0,0,0,0,0,0,0
sp0977,0,0,0,1,0,0,0,0,0
sp0978,1,1,0,0,0,0,1,0,0
sp0979,1,1,0,0,0,0,1,0,0
sp0980,0,1,1,0,0,0,0,1,0
sp0981,0,1,1,0,0,0,0,0,0
sp0982,0,0,1,0,0,0,1,0,0
sp0983,0,0,0,1,0,0,0,1,0
sp0984,0,0,1,0,1,0,1,0,0
sp0985,1,1,0,1,0,0,0,1,0
sp0986,0,0,1,1,0,0,1,0,0
sp0987,1,1,0,1,0,1,0,0,1
sp0988,0,0,1,0,0,0,0,0,0
sp0989,1,1,0,1,0,0,0,1,1
sp0990,0,0,0,0,0,0,0,1,1
sp0991,1,1,0,0,1,1,0,0,0
sp0992,1,1,0,1,0,0,1,0,0
sp0993,1,1,0,1,0,1,0,1,0
sp0994,0,0,0,0,0,0,0,0,0
sp0995,0,0,0,0,0,0,0,1,0
sp0996,0,0,0,1,1,1,0,0,0
sp0997,0,0,1,0,0,0,0,0,1
sp0998,1,1,1,1,0,0,0,1,0
sp0999,0,0,1,0,0,0,1,0,0
sp1000,1,1,1,1,0,1,0,0,0
sp1001,0,1,0,0,1,1,0,0,1
sp1002,0,0,0,0,0,0,0,1,0
sp1003,0,0,0,1,0,0,0,0,0
sp1004,0,0,1,0,1,0,0,1,0
sp1005,0,1,0,0,0,1,0,1,1
sp1006,0,0,0,0,0,0,0,0,0
sp1007,1,1,0,0,0,0,0,1,0
sp1008,0,0,0,0,0,0,0,0,0
sp1009,0,0,0,1,0,0,0,1,0
sp1010,0,0,0,1,0,0,0,1,0
sp1011,0,1,0,0,0,1,0,1,1
sp1012,0,0,0,1,0,0,1,0,0
sp1013,0,0,1,1,0,0,1,0,0
sp1014,0,1,1,1,0,1,1,0,1
sp1015,0,0,1,1,0,0,1,0,0
sp1016,0,0,0,0,0,1,0,0,0
sp1017,0,0,1,0,0,0,1,0,1
sp1018,0,0,0,0,0,0,0,0,0
sp1019,0,1,1,1,0,0,0,1,0
sp1020,0,1,0,0,0,0,0,1,0
sp1021,0,0,0,0,0,0,1,0,0
sp1022,0,0,0,0,0,1,0,0,0
sp1023,0,0,0,1,0,0,0,1,0
sp1024,0,0,0,1,0,0,0,1,0
sp1025,0,0,0,0,0,0,0,1,1
sp1026,0,0,0,0,0,0,0,0,0
sp1027,0,1,1,0,0,0,1,0,0
sp1028,0,0,0,1,1,0,0,1,0
sp1029,0,0,0,0,0,1,0,1,0
sp1030,0,0,0,0,0,1,0,0,0
sp1031,0,0,1,1,0,0,1,0,0
sp1032,0,1,0,1,0,0,0,0,0
sp1033,0,0,0,0,0,1,0,0,0
sp1034,0,0,1,0,0,0,1,0,0
sp1035,0,1,1,0,1,0,1,0,0
sp1036,0,1,0,1,0,0,0,1,0
sp1037,0,0,0,0,0,0,0,0,0
sp1038,0,0,0,0,0,0,1,0,0
sp1039,1,1,0,1,0,0,1,0,0
sp1040,0,0,1,0,0,0,1,0,0
sp1041,0,0,0,0,0,0,0,0,1
sp1042,1,1,0,1,0,0,0,0,0
sp1043,1,1,0,0,1,0,0,0,0
sp1044,0,0,0,0,0,0,0,0,0
sp1045,0,0,1,1,1,0,0,0,0
sp1046,1,1,0,0,0,0,0,0,0
sp1047,0,1,0,1,0,0,0,0,0
sp1048,0,0,1,1,0,0,0,0,0
sp1049,0,0,0,1,0,0,0,0,0
sp1050,0,0,0,0,1,0,0,1,0
sp1051,1,1,0,0,0,0,0,0,0
sp1052,0,0,0,1,0,0,0,0,0
sp1053,0,0,1,0,0,0,1,0,0
sp1054,0,0,0,0,0,0,0,1,0
sp1055,1,1,1,0,0,0,0,1,0
sp1056,0,0,1,1,0,0,0,1,0
sp1057,0,0,1,1,0,0,1,0,0
sp1058,0,0,1,0,1,0,0,1,0
sp1059,1,1,0,1,0,0,0,1,0
sp1060,0,0,1,0,0,0,1,0,0
sp1061,0,0,1,1,0,0,1,0,0
sp1062,1,1,0,1,0,1,0,0,0
sp1063,0,0,1,0,1,0,1,0,1
sp1064,0,0,1,0,0,0,0,0,0
sp1065,0,1,1,0,0,0,1,0,0
sp1066,0,0,1,1,0,0,1,0,0
sp1067,0,0,0,0,0,0,0,0,0
sp1068,1,1,0,1,0,0,0,0,0
sp1069,1,1,0,1,1,0,0,1,0
sp1070,0,1,1,0,0,0,1,0,1
sp1071,1,1,0,1,0,0,1,0,0
sp1072,0,0,0,1,0,0,0,1,0
sp1073,0,0,1,1,0,0,1,0,0
sp1074,0,0,1,1,0,0,1,0,0
sp1075,0,0,1,0,1,0,0,1,0
sp1076,0,1,0,1,0,0,1,0,0
sp1077,1,1,0,1,0,0,0,0,0
sp1078,1,1,0,0,1,1,0,0,0
sp1079,0,0,0,1,0,1,0,1,0
sp1080,1,1,0,1,0,0,0,0,0
sp1081,1,1,0,1,0,0,0,0,0
sp1082,1,1,0,1,0,0,0,0,0
sp1083,0,0,1,0,0,0,1,0,0
sp1084,0,0,0,0,0,1,1,0,0
sp1085,1,1,0,1,0,0,0,1,0
sp1086,1,1,1,1,0,0,1,0,0
sp1087,0,0,0,1,1,0,0,1,1
sp1088,0,0,1,0,0,0,1,0,0
sp1089,0,0,1,1,0,0,0,1,0
sp1090,0,1,0,1,0,1,0,0,0
sp1091,1,1,0,0,0,0,0,0,0
sp1092,0,0,0,1,0,0,1,0,0
sp1093,0,0,0,0,0,0,0,0,0
sp1094,0,0,0,1,0,0,0,1,0
sp1095,1,1,0,1,0,0,0,0,0
sp1096,0,0,1,0,0,0,1,0,0
sp1097,0,0,1,1,0,0,1,0,0
sp1098,0,0,0,1,0,0,1,0,0
sp1099,0,0,0,1,0,0,0,0,0
sp1100,0,0,1,1,1,0,0,0,1
sp1101,1,1,0,1,0,0,0,1,0
sp1102,0,1,0,1,0,0,1,0,0
sp1103,0,0,1,0,0,0,1,0,0
sp1104,0,1,1,1,0,0,0,1,0
sp1105,0,1,0,0,0,0,0,0,0
sp1106,0,1,0,0,0,0,0,0,0
sp1107,0,0,1,0,0,0,1,0,0
sp1108,0,0,1,1,1,0,1,0,0
sp1109,1,1,1,0,0,0,0,1,0
sp1110,0,0,0,0,0,0,0,0,1
sp1111,0,0,0,0,1,0,0,0,0
sp1112,1,1,0,0,0,0,0,1,0
sp1113,0,0,1,0,0,0,0,0,0
sp1114,0,0,0,1,0,0,0,0,0
sp1115,0,0,0,1,0,0,0,1,0
sp1116,0,0,0,0,0,0,0,0,0
